Id;CargoName;CargoWeight;TolerableDeviationWeight;ActualWeight;IsManualMode;WeightId;Comment;UserId;CreationDate;AuditDate;ControlWeighingSettingsId;WeighingStatusId;CreaterId;DeletedDate;DeletedUser;IsDelete;IsManualModeSecondWeight;SecondWeightId;DateOfWeighing;ActualWeightSecond;ActualWeightThree;IsManualModeThreeWeight;ThreeWeightId
146633;Отклонение 2-х взвешиваний;1000.000000;10.000000;1010.000000;1;15;NULL;NULL;2023-08-10 11:13:47.443;2023-08-10 11:13:47.443;11;4;940a30e6-54d5-4b32-9df0-88c1c4d42560;NULL;NULL;0;1;10;2023-08-10 11:13:47.443;NULL;NULL;0;NULL
146632;От контрольного груза;1000.000000;5.000000;1070.000000;1;15;NULL;NULL;2023-08-10 10:51:10.973;2023-08-10 10:51:10.973;10;5;940a30e6-54d5-4b32-9df0-88c1c4d42560;NULL;NULL;0;0;10;2023-08-10 10:51:10.973;NULL;NULL;0;NULL
146631;От контрольного груза;1000.000000;5.000000;1020.000000;1;15;NULL;NULL;2023-08-10 10:23:18.080;2023-08-10 10:23:18.080;10;4;940a30e6-54d5-4b32-9df0-88c1c4d42560;NULL;NULL;0;0;10;2023-08-10 10:23:18.080;NULL;NULL;0;NULL
146630;От контрольного груза;1000.000000;15.000000;1050.000000;1;15;NULL;NULL;2023-08-10 10:14:08.247;2023-08-10 10:14:08.247;9;5;940a30e6-54d5-4b32-9df0-88c1c4d42560;NULL;NULL;0;0;10;2023-08-10 10:14:08.247;NULL;NULL;0;NULL
146629;От контрольного груза;1000.000000;15.000000;1010.000000;1;15;NULL;NULL;2023-08-10 10:00:04.013;2023-08-10 10:00:04.013;9;4;940a30e6-54d5-4b32-9df0-88c1c4d42560;NULL;NULL;0;0;10;2023-08-10 10:00:04.013;NULL;NULL;0;NULL
146628;От контрольного груза;1000.000000;10.000000;1000.000000;1;112;NULL;NULL;2023-08-09 16:24:23.203;2023-08-09 16:24:23.203;8;4;940a30e6-54d5-4b32-9df0-88c1c4d42560;NULL;NULL;0;0;119;2023-08-09 16:24:23.203;NULL;NULL;0;NULL
146627;Отклонение 2-х взвешиваний;1000.000000;1.000000;1011.000000;1;106;NULL;NULL;2023-08-09 11:13:55.377;2023-08-09 11:13:41.773;5;5;ae45bc38-6315-4a7d-ae4b-034251898d32;NULL;NULL;0;1;107;2023-08-09 11:13:55.377;NULL;NULL;0;NULL
146626;Отклонение 2-х взвешиваний;1000.000000;1.000000;1010.000000;1;106;NULL;NULL;2023-08-09 11:13:31.477;2023-08-09 11:13:23.780;5;4;ae45bc38-6315-4a7d-ae4b-034251898d32;NULL;NULL;0;1;107;2023-08-09 11:13:31.477;NULL;NULL;0;NULL
146625;Отклонение 2-х взвешиваний;1000.000000;1.000000;1001.000000;1;101;NULL;NULL;2023-08-09 11:12:41.250;2023-08-09 11:12:30.760;4;4;ae45bc38-6315-4a7d-ae4b-034251898d32;NULL;NULL;0;1;102;2023-08-09 11:12:41.250;NULL;NULL;0;NULL
146624;Отклонение 2-х взвешиваний;1000.000000;1.000000;1010.000000;1;101;NULL;NULL;2023-08-09 11:11:55.310;2023-08-09 11:11:42.447;4;5;ae45bc38-6315-4a7d-ae4b-034251898d32;NULL;NULL;0;1;102;2023-08-09 11:11:55.310;NULL;NULL;0;NULL
146623;От контрольного груза;1000.000000;1.000000;1011.000000;1;105;NULL;NULL;2023-08-09 11:11:28.557;2023-08-09 11:11:28.557;6;5;ae45bc38-6315-4a7d-ae4b-034251898d32;NULL;NULL;0;0;NULL;2023-08-09 11:11:28.557;NULL;NULL;0;NULL
146622;От контрольного груза;1000.000000;1.000000;1010.000000;1;105;NULL;NULL;2023-08-09 11:11:19.530;2023-08-09 11:11:19.530;6;4;ae45bc38-6315-4a7d-ae4b-034251898d32;NULL;NULL;0;0;NULL;2023-08-09 11:11:19.530;NULL;NULL;0;NULL
146621;От контрольного груза;0.000000;12.000000;0.000000;1;10;NULL;NULL;2023-08-09 10:45:07.817;2023-08-09 10:45:07.817;3;4;ae45bc38-6315-4a7d-ae4b-034251898d32;NULL;NULL;0;0;13;2023-08-09 10:45:07.817;NULL;NULL;0;NULL
146620;От контрольного груза;0.000000;12.000000;111.000000;1;10;NULL;NULL;2023-08-09 10:44:40.490;2023-08-09 10:44:40.490;3;5;ae45bc38-6315-4a7d-ae4b-034251898d32;NULL;NULL;0;0;13;2023-08-09 10:44:40.490;NULL;NULL;0;NULL
146612;Контрольный груз;1126.000000;2.000000;1126.000000;1;34;NULL;6d7299f3-2785-4a9e-a2ba-d32bd062fdfe;2023-05-17 15:29:44.927;2023-05-17 15:29:48.807;NULL;NULL;NULL;NULL;NULL;0;0;NULL;NULL;NULL;NULL;0;NULL
146611;Контрольный груз;1122.000000;2.000000;1122.000000;1;32;NULL;cdfdd733-a377-48ce-814f-96fb1eb6c4cf;2023-05-17 15:22:47.143;2023-05-17 15:22:55.800;NULL;NULL;NULL;NULL;NULL;0;0;NULL;NULL;NULL;NULL;0;NULL
146610;Контрольный груз;1126.000000;2.000000;1126.000000;1;37;NULL;4dcf20ff-a6f2-420c-a37a-3d6ff1e37d42;2023-05-17 15:17:05.063;2023-05-17 15:17:13.677;NULL;NULL;NULL;NULL;NULL;0;0;NULL;NULL;NULL;NULL;0;NULL
146609;Контрольный груз;1869.000000;2.000000;1869.000000;1;143;NULL;c116f8cd-0a7a-4c21-b8f7-593da83cef94;2023-05-17 14:55:49.763;2023-05-17 14:55:54.560;NULL;NULL;NULL;NULL;NULL;0;0;NULL;NULL;NULL;NULL;0;NULL
146608;Контрольный груз;1869.000000;2.000000;1869.000000;1;143;NULL;c116f8cd-0a7a-4c21-b8f7-593da83cef94;2023-05-17 14:53:17.913;2023-05-17 14:53:22.260;NULL;NULL;NULL;NULL;NULL;0;0;NULL;NULL;NULL;NULL;0;NULL
146607;Контрольный груз;1126.000000;2.000000;1126.000000;1;34;NULL;6d7299f3-2785-4a9e-a2ba-d32bd062fdfe;2023-05-17 14:50:18.683;2023-05-17 14:50:22.603;NULL;NULL;NULL;NULL;NULL;0;0;NULL;NULL;NULL;NULL;0;NULL
146606;Контрольный груз;1869.000000;2.000000;1869.000000;1;143;NULL;c116f8cd-0a7a-4c21-b8f7-593da83cef94;2023-05-17 14:47:55.487;2023-05-17 14:48:00.150;NULL;NULL;NULL;NULL;NULL;0;0;NULL;NULL;NULL;NULL;0;NULL
146605;Контрольный груз;1126.000000;2.000000;1126.000000;1;34;NULL;6d7299f3-2785-4a9e-a2ba-d32bd062fdfe;2023-05-17 14:47:31.387;2023-05-17 14:47:35.360;NULL;NULL;NULL;NULL;NULL;0;0;NULL;NULL;NULL;NULL;0;NULL
146604;Контрольный груз;1087.000000;2.000000;1087.000000;1;31;NULL;ea910350-72e1-4212-a325-8f51ea047822;2023-05-17 14:15:57.847;2023-05-17 14:30:53.420;NULL;NULL;NULL;NULL;NULL;0;0;NULL;NULL;NULL;NULL;0;NULL
146603;Контрольный груз;1000.000000;1.000000;1000.000000;0;136;NULL;b885da1a-0eed-43ec-9a6e-a3aca91f12aa;2023-05-17 14:26:54.463;2023-05-17 14:26:53.573;NULL;NULL;NULL;NULL;NULL;0;0;NULL;NULL;NULL;NULL;0;NULL
146602;Контрольный груз;1122.000000;2.000000;1123.000000;0;32;NULL;cdfdd733-a377-48ce-814f-96fb1eb6c4cf;2023-05-17 14:21:08.513;2023-05-17 14:21:01.763;NULL;NULL;NULL;NULL;NULL;0;0;NULL;NULL;NULL;NULL;0;NULL
146601;Контрольный груз;1000.000000;2.000000;1000.000000;1;132;NULL;f11a579b-ab02-4276-80d2-76e961b5d6da;2023-05-17 14:19:24.330;2023-05-17 14:19:28.517;NULL;NULL;NULL;NULL;NULL;0;0;NULL;NULL;NULL;NULL;0;NULL
146600;Контрольный груз;1914.000000;2.000000;1914.000000;0;69;NULL;6ed6653d-2225-48a3-b4c2-d24372233352;2023-05-17 14:19:13.177;2023-05-17 14:18:50.197;NULL;NULL;NULL;NULL;NULL;0;0;NULL;NULL;NULL;NULL;0;NULL
146599;Контрольный груз;1914.000000;2.000000;1914.000000;0;69;NULL;6ed6653d-2225-48a3-b4c2-d24372233352;2023-05-17 14:19:13.177;2023-05-17 14:19:08.783;NULL;NULL;NULL;NULL;NULL;0;0;NULL;NULL;NULL;NULL;0;NULL
146598;Контрольный груз;1122.000000;2.000000;1123.000000;0;32;NULL;cdfdd733-a377-48ce-814f-96fb1eb6c4cf;2023-05-17 13:14:59.527;2023-05-17 13:14:54.463;NULL;NULL;NULL;NULL;NULL;0;0;NULL;NULL;NULL;NULL;0;NULL
146597;Контрольный груз;1000.000000;1.000000;1000.000000;0;136;NULL;b885da1a-0eed-43ec-9a6e-a3aca91f12aa;2023-05-17 13:08:14.427;2023-05-17 13:08:13.553;NULL;NULL;NULL;NULL;NULL;0;0;NULL;NULL;NULL;NULL;0;NULL
146596;Контрольный груз;1122.000000;2.000000;1122.000000;0;32;NULL;cdfdd733-a377-48ce-814f-96fb1eb6c4cf;2023-05-17 12:43:54.960;2023-05-17 12:43:48.350;NULL;NULL;NULL;NULL;NULL;0;0;NULL;NULL;NULL;NULL;0;NULL
146595;Контрольный груз;1122.000000;2.000000;1122.000000;0;32;NULL;cdfdd733-a377-48ce-814f-96fb1eb6c4cf;2023-05-17 12:43:54.960;2023-05-17 12:43:46.717;NULL;NULL;NULL;NULL;NULL;0;0;NULL;NULL;NULL;NULL;0;NULL
146594;Контрольный груз;1122.000000;2.000000;1122.000000;1;32;NULL;9b41ec06-3bb4-443c-8ee0-5c60085555d7;2023-05-17 12:43:29.677;2023-05-17 12:43:33.860;NULL;NULL;NULL;NULL;NULL;0;0;NULL;NULL;NULL;NULL;0;NULL
146593;Контрольный груз;1126.000000;2.000000;1126.000000;1;34;NULL;dc5c0228-c2f2-40fc-91e4-310d151cfb35;2023-05-17 12:30:39.767;2023-05-17 12:30:43.437;NULL;NULL;NULL;NULL;NULL;0;0;NULL;NULL;NULL;NULL;0;NULL
146592;Контрольный груз;1126.000000;2.000000;1126.000000;1;34;NULL;dc5c0228-c2f2-40fc-91e4-310d151cfb35;2023-05-17 12:27:07.563;2023-05-17 12:27:12.103;NULL;NULL;NULL;NULL;NULL;0;0;NULL;NULL;NULL;NULL;0;NULL
146591;Контрольный груз;1914.000000;2.000000;1914.000000;1;69;NULL;6ed6653d-2225-48a3-b4c2-d24372233352;2023-05-17 12:24:16.800;2023-05-17 12:24:21.310;NULL;NULL;NULL;NULL;NULL;0;0;NULL;NULL;NULL;NULL;0;NULL
146590;Контрольный груз;1122.000000;2.000000;1122.000000;0;32;NULL;cdfdd733-a377-48ce-814f-96fb1eb6c4cf;2023-05-17 12:18:32.987;2023-05-17 12:18:24.963;NULL;NULL;NULL;NULL;NULL;0;0;NULL;NULL;NULL;NULL;0;NULL
146589;Контрольный груз;1000.000000;1.000000;1000.000000;0;136;NULL;b885da1a-0eed-43ec-9a6e-a3aca91f12aa;2023-05-17 12:00:31.553;2023-05-17 12:00:30.693;NULL;NULL;NULL;NULL;NULL;0;0;NULL;NULL;NULL;NULL;0;NULL
146588;Контрольный груз;1087.000000;2.000000;1087.000000;1;31;NULL;ea910350-72e1-4212-a325-8f51ea047822;2023-05-17 11:30:34.747;2023-05-17 11:30:39.410;NULL;NULL;NULL;NULL;NULL;0;0;NULL;NULL;NULL;NULL;0;NULL
146587;Контрольный груз;1087.000000;2.000000;1087.000000;1;31;NULL;ea910350-72e1-4212-a325-8f51ea047822;2023-05-17 11:29:34.677;2023-05-17 11:29:40.000;NULL;NULL;NULL;NULL;NULL;0;0;NULL;NULL;NULL;NULL;0;NULL
146586;Контрольный груз;1122.000000;2.000000;1122.000000;0;32;NULL;cdfdd733-a377-48ce-814f-96fb1eb6c4cf;2023-05-17 11:05:07.177;2023-05-17 11:05:02.537;NULL;NULL;NULL;NULL;NULL;0;0;NULL;NULL;NULL;NULL;0;NULL
146585;Контрольный груз;1000.000000;1.000000;1000.000000;0;136;NULL;b885da1a-0eed-43ec-9a6e-a3aca91f12aa;2023-05-17 11:01:40.500;2023-05-17 11:01:39.623;NULL;NULL;NULL;NULL;NULL;0;0;NULL;NULL;NULL;NULL;0;NULL
146584;Контрольный груз;1000.000000;1.000000;1000.000000;0;136;NULL;b885da1a-0eed-43ec-9a6e-a3aca91f12aa;2023-05-17 09:52:29.303;2023-05-17 09:52:28.413;NULL;NULL;NULL;NULL;NULL;0;0;NULL;NULL;NULL;NULL;0;NULL
146583;Контрольный груз;1000.000000;2.000000;1000.000000;1;132;NULL;f11a579b-ab02-4276-80d2-76e961b5d6da;2023-05-17 09:36:00.063;2023-05-17 09:36:04.907;NULL;NULL;NULL;NULL;NULL;0;0;NULL;NULL;NULL;NULL;0;NULL
146582;Контрольный груз;1000.000000;1.000000;1000.000000;0;136;NULL;b885da1a-0eed-43ec-9a6e-a3aca91f12aa;2023-05-17 09:19:52.873;2023-05-17 09:19:52.000;NULL;NULL;NULL;NULL;NULL;0;0;NULL;NULL;NULL;NULL;0;NULL
146581;Медь катодная 2023-269 14;2596.000000;2.000000;2596.000000;0;69;NULL;6ed6653d-2225-48a3-b4c2-d24372233352;2023-05-17 09:18:41.580;2023-05-17 09:18:35.343;NULL;NULL;NULL;NULL;NULL;0;0;NULL;NULL;NULL;NULL;0;NULL
146580;Медь катодная 2023-261 6;2537.000000;2.000000;2535.000000;0;69;NULL;6ed6653d-2225-48a3-b4c2-d24372233352;2023-05-17 09:12:18.867;2023-05-17 09:12:12.780;NULL;NULL;NULL;NULL;NULL;0;0;NULL;NULL;NULL;NULL;0;NULL
146579;Медь катодная 2023-261 16;2635.000000;2.000000;2633.000000;0;69;NULL;6ed6653d-2225-48a3-b4c2-d24372233352;2023-05-17 09:05:45.630;2023-05-17 09:05:37.907;NULL;NULL;NULL;NULL;NULL;0;0;NULL;NULL;NULL;NULL;0;NULL
146578;Медь катодная 2023-269 10;2537.000000;2.000000;2536.000000;0;69;NULL;6ed6653d-2225-48a3-b4c2-d24372233352;2023-05-17 08:59:47.113;2023-05-17 08:59:40.973;NULL;NULL;NULL;NULL;NULL;0;0;NULL;NULL;NULL;NULL;0;NULL
146577;Медь катодная 2023-269 5;2595.000000;2.000000;2536.000000;0;69;NULL;6ed6653d-2225-48a3-b4c2-d24372233352;2023-05-17 08:58:54.423;2023-05-17 08:58:46.977;NULL;NULL;NULL;NULL;NULL;0;0;NULL;NULL;NULL;NULL;0;NULL
146576;Контрольный груз;1914.000000;2.000000;1914.000000;0;69;NULL;6ed6653d-2225-48a3-b4c2-d24372233352;2023-05-17 08:37:56.193;2023-05-17 08:37:49.643;NULL;NULL;NULL;NULL;NULL;0;0;NULL;NULL;NULL;NULL;0;NULL
146575;Контрольный груз;12.000000;1.000000;12.000000;1;40;NULL;62075885-1a31-41cc-aabd-4e2fe9fd212a;2023-05-17 08:30:59.590;2023-05-17 08:31:03.813;NULL;NULL;NULL;NULL;NULL;0;0;NULL;NULL;NULL;NULL;0;NULL
146574;Контрольный груз;12.000000;1.000000;12.000000;1;40;NULL;62075885-1a31-41cc-aabd-4e2fe9fd212a;2023-05-17 08:30:16.023;2023-05-17 08:30:19.787;NULL;NULL;NULL;NULL;NULL;0;0;NULL;NULL;NULL;NULL;0;NULL
146573;Контрольный груз;1000.000000;1.000000;1000.000000;0;136;NULL;b885da1a-0eed-43ec-9a6e-a3aca91f12aa;2023-05-17 08:26:55.847;2023-05-17 08:26:55.003;NULL;NULL;NULL;NULL;NULL;0;0;NULL;NULL;NULL;NULL;0;NULL
146572;Контрольный груз;1000.000000;2.000000;1000.000000;1;132;NULL;c116f8cd-0a7a-4c21-b8f7-593da83cef94;2023-05-17 06:53:10.820;2023-05-17 06:53:16.087;NULL;NULL;NULL;NULL;NULL;0;0;NULL;NULL;NULL;NULL;0;NULL
146571;Контрольный груз;1126.000000;2.000000;1126.000000;1;34;NULL;570837b8-223c-4089-891d-e0fdc798e1bd;2023-05-17 06:50:33.283;2023-05-17 06:50:36.833;NULL;NULL;NULL;NULL;NULL;0;0;NULL;NULL;NULL;NULL;0;NULL
146570;Контрольный груз;1000.000000;2.000000;1000.000000;1;132;NULL;c116f8cd-0a7a-4c21-b8f7-593da83cef94;2023-05-17 06:49:50.643;2023-05-17 06:49:56.993;NULL;NULL;NULL;NULL;NULL;0;0;NULL;NULL;NULL;NULL;0;NULL
146569;Контрольный груз;1000.000000;2.000000;1000.000000;1;132;NULL;c116f8cd-0a7a-4c21-b8f7-593da83cef94;2023-05-17 06:45:37.007;2023-05-17 06:47:03.797;NULL;NULL;NULL;NULL;NULL;0;0;NULL;NULL;NULL;NULL;0;NULL
146568;Контрольный груз;1126.000000;2.000000;1126.000000;1;34;NULL;570837b8-223c-4089-891d-e0fdc798e1bd;2023-05-17 06:18:46.733;2023-05-17 06:18:52.327;NULL;NULL;NULL;NULL;NULL;0;0;NULL;NULL;NULL;NULL;0;NULL
146567;Контрольный груз;1087.000000;2.000000;1087.000000;0;31;NULL;a9305fb3-e986-43da-99be-22485852bcaa;2023-05-17 06:05:58.377;2023-05-17 06:05:58.237;NULL;NULL;NULL;NULL;NULL;0;0;NULL;NULL;NULL;NULL;0;NULL
146566;Контрольный груз;1126.000000;2.000000;1126.000000;1;34;NULL;570837b8-223c-4089-891d-e0fdc798e1bd;2023-05-17 04:07:04.253;2023-05-17 04:07:08.733;NULL;NULL;NULL;NULL;NULL;0;0;NULL;NULL;NULL;NULL;0;NULL
146565;Контрольный груз;1126.000000;2.000000;1126.000000;1;34;NULL;570837b8-223c-4089-891d-e0fdc798e1bd;2023-05-17 04:04:26.047;2023-05-17 04:04:32.233;NULL;NULL;NULL;NULL;NULL;0;0;NULL;NULL;NULL;NULL;0;NULL
146564;Контрольный груз;80350000.000000;150.000000;80350000.000000;1;45;NULL;da1341ca-4e3b-4762-8451-2ccccc2a8da2;2023-05-17 02:40:07.063;2023-05-17 02:40:30.650;NULL;NULL;NULL;NULL;NULL;0;0;NULL;NULL;NULL;NULL;0;NULL
146563;Контрольный груз;1122.000000;2.000000;1122.000000;1;32;NULL;60db5767-b4e6-41bd-9899-a2d46cb13d34;2023-05-17 02:35:49.607;2023-05-17 02:36:03.910;NULL;NULL;NULL;NULL;NULL;0;0;NULL;NULL;NULL;NULL;0;NULL
146562;Контрольный груз;1126.000000;2.000000;1126.000000;1;47;NULL;87d55bc5-928a-4b01-8279-85c720813516;2023-05-17 02:27:45.060;2023-05-17 02:27:49.783;NULL;NULL;NULL;NULL;NULL;0;0;NULL;NULL;NULL;NULL;0;NULL
146561;Контрольный груз;1126.000000;2.000000;1126.000000;1;34;NULL;570837b8-223c-4089-891d-e0fdc798e1bd;2023-05-17 02:13:26.183;2023-05-17 02:13:31.047;NULL;NULL;NULL;NULL;NULL;0;0;NULL;NULL;NULL;NULL;0;NULL
146560;Контрольный груз;1869.000000;2.000000;1869.000000;1;143;NULL;c116f8cd-0a7a-4c21-b8f7-593da83cef94;2023-05-17 01:38:37.413;2023-05-17 01:38:43.773;NULL;NULL;NULL;NULL;NULL;0;0;NULL;NULL;NULL;NULL;0;NULL
146559;Контрольный груз;1869.000000;2.000000;1869.000000;1;143;NULL;c116f8cd-0a7a-4c21-b8f7-593da83cef94;2023-05-17 01:36:30.387;2023-05-17 01:36:36.297;NULL;NULL;NULL;NULL;NULL;0;0;NULL;NULL;NULL;NULL;0;NULL
146558;Контрольный груз;1869.000000;2.000000;1869.000000;1;143;NULL;c116f8cd-0a7a-4c21-b8f7-593da83cef94;2023-05-17 01:34:02.000;2023-05-17 01:34:07.963;NULL;NULL;NULL;NULL;NULL;0;0;NULL;NULL;NULL;NULL;0;NULL
146557;Контрольный груз;1126.000000;2.000000;1126.000000;1;34;NULL;570837b8-223c-4089-891d-e0fdc798e1bd;2023-05-17 01:13:18.157;2023-05-17 01:13:22.057;NULL;NULL;NULL;NULL;NULL;0;0;NULL;NULL;NULL;NULL;0;NULL
146556;Медь катодная 2023-255 7;2567.000000;2.000000;2565.000000;0;69;NULL;f70fa105-c39b-45ef-9062-db90993daa0f;2023-05-17 01:13:16.320;2023-05-17 01:13:07.587;NULL;NULL;NULL;NULL;NULL;0;0;NULL;NULL;NULL;NULL;0;NULL
146555;Контрольный груз;1126.000000;2.000000;1126.000000;1;34;NULL;570837b8-223c-4089-891d-e0fdc798e1bd;2023-05-17 01:10:52.727;2023-05-17 01:10:56.667;NULL;NULL;NULL;NULL;NULL;0;0;NULL;NULL;NULL;NULL;0;NULL
146554;Медь катодная 2023-265 1;2601.000000;2.000000;2601.000000;0;69;NULL;f70fa105-c39b-45ef-9062-db90993daa0f;2023-05-17 01:05:49.653;2023-05-17 01:05:43.567;NULL;NULL;NULL;NULL;NULL;0;0;NULL;NULL;NULL;NULL;0;NULL
146553;Контрольный груз;1126.000000;2.000000;1126.000000;1;36;NULL;87d55bc5-928a-4b01-8279-85c720813516;2023-05-17 00:21:42.660;2023-05-17 00:21:47.020;NULL;NULL;NULL;NULL;NULL;0;0;NULL;NULL;NULL;NULL;0;NULL
146552;Контрольный груз;1087.000000;2.000000;1087.000000;1;31;NULL;a9305fb3-e986-43da-99be-22485852bcaa;2023-05-16 22:47:52.747;2023-05-16 22:48:00.463;NULL;NULL;NULL;NULL;NULL;0;0;NULL;NULL;NULL;NULL;0;NULL
146551;Контрольный груз;1126.000000;2.000000;1126.000000;1;34;NULL;418139d8-da5b-402a-a076-7b019c2e848d;2023-05-16 22:35:00.607;2023-05-16 22:35:04.603;NULL;NULL;NULL;NULL;NULL;0;0;NULL;NULL;NULL;NULL;0;NULL
146550;Контрольный груз;1000.000000;1.000000;1000.000000;0;136;NULL;39b59f03-9e2b-429d-a94a-6c2685460099;2023-05-16 22:28:45.167;2023-05-16 22:28:44.323;NULL;NULL;NULL;NULL;NULL;0;0;NULL;NULL;NULL;NULL;0;NULL
146549;Контрольный груз;1126.000000;2.000000;1126.000000;1;37;NULL;9151a037-1f4d-46f4-a96e-68556ef9620f;2023-05-16 21:52:35.750;2023-05-16 21:52:46.200;NULL;NULL;NULL;NULL;NULL;0;0;NULL;NULL;NULL;NULL;0;NULL
146548;Контрольный груз;1122.000000;2.000000;1122.000000;0;32;NULL;5d2b8d89-bbae-4d0f-8dc1-f690fee7e4e4;2023-05-16 21:42:57.620;2023-05-16 21:42:52.113;NULL;NULL;NULL;NULL;NULL;0;0;NULL;NULL;NULL;NULL;0;NULL
146547;Контрольный груз;1126.000000;2.000000;1126.000000;1;34;NULL;418139d8-da5b-402a-a076-7b019c2e848d;2023-05-16 21:37:18.710;2023-05-16 21:37:22.870;NULL;NULL;NULL;NULL;NULL;0;0;NULL;NULL;NULL;NULL;0;NULL
146546;Медь катодная 2023-265 12;2567.000000;2.000000;2566.000000;0;69;NULL;f70fa105-c39b-45ef-9062-db90993daa0f;2023-05-16 21:31:33.767;2023-05-16 21:31:28.157;NULL;NULL;NULL;NULL;NULL;0;0;NULL;NULL;NULL;NULL;0;NULL
146545;Медь катодная 2023-266 3;2561.000000;2.000000;2562.000000;0;69;NULL;f70fa105-c39b-45ef-9062-db90993daa0f;2023-05-16 21:16:49.973;2023-05-16 21:16:37.783;NULL;NULL;NULL;NULL;NULL;0;0;NULL;NULL;NULL;NULL;0;NULL
146544;Медь катодная 2023-266 12;2598.000000;2.000000;2598.000000;0;69;NULL;f70fa105-c39b-45ef-9062-db90993daa0f;2023-05-16 21:10:33.990;2023-05-16 21:10:28.427;NULL;NULL;NULL;NULL;NULL;0;0;NULL;NULL;NULL;NULL;0;NULL
146543;Медь катодная 2023-266 16;2603.000000;2.000000;2602.000000;0;69;NULL;f70fa105-c39b-45ef-9062-db90993daa0f;2023-05-16 21:03:01.967;2023-05-16 21:02:56.483;NULL;NULL;NULL;NULL;NULL;0;0;NULL;NULL;NULL;NULL;0;NULL
146542;Контрольный груз;1000.000000;1.000000;1000.000000;0;136;NULL;39b59f03-9e2b-429d-a94a-6c2685460099;2023-05-16 21:02:09.713;2023-05-16 21:02:08.837;NULL;NULL;NULL;NULL;NULL;0;0;NULL;NULL;NULL;NULL;0;NULL
146541;Контрольный груз;1122.000000;2.000000;1122.000000;0;32;NULL;5d2b8d89-bbae-4d0f-8dc1-f690fee7e4e4;2023-05-16 20:48:17.240;2023-05-16 20:48:13.863;NULL;NULL;NULL;NULL;NULL;0;0;NULL;NULL;NULL;NULL;0;NULL
146540;Контрольный груз;1122.000000;2.000000;1124.000000;0;32;NULL;5d2b8d89-bbae-4d0f-8dc1-f690fee7e4e4;2023-05-16 20:46:31.687;2023-05-16 20:46:26.250;NULL;NULL;NULL;NULL;NULL;0;0;NULL;NULL;NULL;NULL;0;NULL
146539;Контрольный груз;1126.000000;2.000000;1126.000000;1;34;NULL;418139d8-da5b-402a-a076-7b019c2e848d;2023-05-16 20:30:16.800;2023-05-16 20:30:20.520;NULL;NULL;NULL;NULL;NULL;0;0;NULL;NULL;NULL;NULL;0;NULL
146538;Контрольный груз;1126.000000;2.000000;1126.000000;1;34;NULL;418139d8-da5b-402a-a076-7b019c2e848d;2023-05-16 19:51:35.580;2023-05-16 19:51:43.043;NULL;NULL;NULL;NULL;NULL;0;0;NULL;NULL;NULL;NULL;0;NULL
146537;Контрольный груз;1000.000000;1.000000;1000.000000;0;136;NULL;39b59f03-9e2b-429d-a94a-6c2685460099;2023-05-16 19:50:14.823;2023-05-16 19:50:13.870;NULL;NULL;NULL;NULL;NULL;0;0;NULL;NULL;NULL;NULL;0;NULL
146536;Контрольный груз;1122.000000;2.000000;1123.000000;0;32;NULL;5d2b8d89-bbae-4d0f-8dc1-f690fee7e4e4;2023-05-16 19:45:21.817;2023-05-16 19:45:20.833;NULL;NULL;NULL;NULL;NULL;0;0;NULL;NULL;NULL;NULL;0;NULL
146535;Контрольный груз;1869.000000;2.000000;1869.000000;1;143;NULL;c116f8cd-0a7a-4c21-b8f7-593da83cef94;2023-05-16 19:40:00.607;2023-05-16 19:40:03.890;NULL;NULL;NULL;NULL;NULL;0;0;NULL;NULL;NULL;NULL;0;NULL
146534;Контрольный груз;1000.000000;2.000000;1000.000000;1;132;NULL;c116f8cd-0a7a-4c21-b8f7-593da83cef94;2023-05-16 19:36:51.433;2023-05-16 19:36:54.307;NULL;NULL;NULL;NULL;NULL;0;0;NULL;NULL;NULL;NULL;0;NULL
146533;Контрольный груз;1000.000000;2.000000;1000.000000;1;132;NULL;c116f8cd-0a7a-4c21-b8f7-593da83cef94;2023-05-16 19:35:08.737;2023-05-16 19:35:12.060;NULL;NULL;NULL;NULL;NULL;0;0;NULL;NULL;NULL;NULL;0;NULL
146532;Контрольный груз;1000.000000;2.000000;1000.000000;1;132;NULL;c116f8cd-0a7a-4c21-b8f7-593da83cef94;2023-05-16 19:32:57.677;2023-05-16 19:33:00.670;NULL;NULL;NULL;NULL;NULL;0;0;NULL;NULL;NULL;NULL;0;NULL
146531;Контрольный груз;30.000000;1.000000;30.000000;1;41;NULL;62075885-1a31-41cc-aabd-4e2fe9fd212a;2023-05-16 18:59:25.727;2023-05-16 18:59:29.670;NULL;NULL;NULL;NULL;NULL;0;0;NULL;NULL;NULL;NULL;0;NULL
146530;Контрольный груз;1126.000000;2.000000;1126.000000;1;36;NULL;a4e2a916-6974-4c19-9b53-9ff7dfd3e200;2023-05-16 18:58:29.133;2023-05-16 18:58:33.043;NULL;NULL;NULL;NULL;NULL;0;0;NULL;NULL;NULL;NULL;0;NULL
146529;Контрольный груз;30.000000;1.000000;30.000000;1;41;NULL;62075885-1a31-41cc-aabd-4e2fe9fd212a;2023-05-16 18:57:16.287;2023-05-16 18:57:20.983;NULL;NULL;NULL;NULL;NULL;0;0;NULL;NULL;NULL;NULL;0;NULL
146528;Контрольный груз;30.000000;1.000000;30.000000;1;41;NULL;62075885-1a31-41cc-aabd-4e2fe9fd212a;2023-05-16 18:54:36.677;2023-05-16 18:54:40.697;NULL;NULL;NULL;NULL;NULL;0;0;NULL;NULL;NULL;NULL;0;NULL
146527;Контрольный груз;30.000000;1.000000;30.000000;1;41;NULL;62075885-1a31-41cc-aabd-4e2fe9fd212a;2023-05-16 18:50:52.310;2023-05-16 18:50:56.173;NULL;NULL;NULL;NULL;NULL;0;0;NULL;NULL;NULL;NULL;0;NULL
